,uBlue,Blue,Green,Red,Swir1,Nir,Swir2,dt
3,617.1956782713086,617.1956782713086,895.1813453536754,885.0,2208.0,3155.6666666666665,1439.4101123595506,1985-04-01
4,637.3,637.3,906.484091824406,1062.0,2259.5,2003.4999999999998,1738.257311320755,1985-05-01
5,448.0,448.0,683.0,736.0,1831.9999999999998,2167.0,1175.0,1985-06-01
6,567.0,567.0,753.0,798.0,1946.0,2212.7857142857138,1375.0,1985-07-01
7,519.5,519.5,739.5000000000001,753.8159851301115,1713.9999999999998,2124.9134241245138,1265.5,1985-08-01
8,547.5,547.5,666.3994875837603,654.53321812596,1521.5,2078.5,953.2485207100592,1985-09-01
9,455.39509306260584,455.39509306260584,615.381257056831,642.1906542056074,1573.931726094003,1966.203826342899,1036.7325842696628,1985-10-01
13,384.0,384.0,600.5,601.5,1559.0,1544.9532062391681,1046.4999999999998,1986-02-01
14,547.0000000000001,547.0000000000001,822.0,822.0,2004.0,2036.0,1441.9999999999998,1986-03-01
15,539.0,539.0,830.0,925.0,2269.0,2019.0,1697.0,1986-04-01
16,462.0,462.0,703.0,721.0,1805.0,1746.9999999999998,1409.0,1986-05-01
17,526.0,526.0,791.0,741.0,1998.8673469387757,2871.0000000000005,1276.0,1986-06-01
18,513.0,513.0,730.3,762.657321500605,1817.2043269230767,2428.255208333333,1248.125,1986-07-01
19,485.0,485.0,676.0,727.0,1680.9999999999998,1960.0000000000002,1244.9999999999998,1986-08-01
20,425.0625306522805,425.0625306522805,588.5,614.898608881755,1442.8571945047,1862.0865853658536,977.5,1986-09-01
21,436.0,436.0,613.0,572.0,1347.0,2001.0740291262139,801.0,1986-10-01
22,449.0,449.0,634.0,746.5,1746.8238950276243,2207.0,1019.2653485952134,1986-11-01
23,548.0,548.0,725.0,923.0,2129.0,2164.9999999999995,1344.0,1986-12-01
25,495.99999999999994,495.99999999999994,736.0,744.0,1961.0,2184.3406223717407,1344.0,1987-02-01
26,414.0,414.0,649.0,614.0,1790.9999999999998,1975.0,1074.0,1987-03-01
27,594.0,594.0,833.0,918.9999999999999,2104.5513176144245,1568.1054817275744,1776.5836177474403,1987-04-01
28,608.0,608.0,839.0,870.0,2066.0,1889.595010845987,1568.0,1987-05-01
29,541.0,541.0,790.0,797.0,1868.9999999999995,2155.0,1386.0,1987-06-01
30,400.0,400.0,632.0,660.0,1724.0,2180.0,1251.0,1987-07-01
31,469.32862903225805,469.32862903225805,655.5,693.0,1615.5,2008.0,1177.0,1987-08-01
32,1107.0,1107.0,1218.0,1147.0,1649.0,2250.0,1128.0,1987-09-01
33,378.0,378.0,526.0,477.0,1129.0,1848.0000000000002,543.0,1987-10-01
38,504.5,504.5,757.5,781.4248457655636,2021.4839572192514,2273.5145600991323,1348.3527684563758,1988-03-01
39,819.2729555236729,819.2729555236729,1084.4358090185676,1179.3931054461182,2350.770038167939,2072.525500322789,1800.8762886597938,1988-04-01
40,502.99999999999994,502.99999999999994,736.0,799.0,1936.9999999999998,1489.0,1672.0,1988-05-01
42,483.3145400593472,483.3145400593472,714.5,747.3268839103869,1872.9,2257.7023809523807,1330.8130816959667,1988-07-01
43,433.0,433.0,672.0,691.0,1645.0,2126.9999999999995,1162.0,1988-08-01
44,574.1045939294504,574.1045939294504,696.0,670.1213130352046,1246.0,1957.25,825.8718592964824,1988-09-01
45,470.0,470.0,635.0,659.0,1434.0,1993.9999999999995,902.0,1988-10-01
47,458.00000000000006,458.00000000000006,620.0,711.0,1819.0,1528.0,1301.0,1988-12-01
48,422.0,422.0,476.0,508.0,1273.0,1051.0,839.0,1989-01-01
50,395.50000000000006,395.50000000000006,580.5,552.275922059847,1534.5,1960.5,998.7504892367906,1989-03-01
51,392.00000000000006,392.00000000000006,670.0,592.0,1818.0,2551.9999999999995,1191.0,1989-04-01
52,550.0,550.0,776.0,816.0,1889.9999999999998,1795.0,1509.0,1989-05-01
53,507.0,507.0,748.0,764.0000000000001,2054.0000000000005,2172.0,1484.0,1989-06-01
54,436.5,436.5,674.5,665.0,1879.1666666666667,2551.0,1236.0,1989-07-01
55,478.11460554371,478.11460554371,675.0704809286898,679.0,1747.3372093023254,2346.0,1206.5,1989-08-01
56,441.99999999999994,441.99999999999994,629.0,619.0,1405.0,2058.4285714285716,954.0,1989-09-01
57,418.0,418.0,585.3209586466165,496.0,1376.9211864406782,2201.600977198697,790.8636363636365,1989-10-01
58,348.0,348.0,523.0,515.0,1317.0,2372.0,657.0,1989-11-01
59,430.0,430.0,594.0,620.0,1723.0,2222.0,983.0,1989-12-01
60,446.0,446.0,598.0,685.0,1932.0,1667.0,1381.0,1990-01-01
61,478.99999999999994,478.99999999999994,614.0,636.0,1961.0,1797.277403035413,1430.0,1990-02-01
62,571.9999999999999,571.9999999999999,799.0,768.0,1936.0,2385.0,1310.0,1990-03-01
63,416.0,416.0,624.0,772.0,1976.0,1325.0,1629.0,1990-04-01
64,569.0,569.0,720.9666666666667,736.8508771929824,1353.0,1401.7346128391791,867.6880165289257,1990-05-01
65,448.3551532033426,448.3551532033426,681.1111111111111,685.3519321766561,1876.2537313432836,2335.0,1318.8748159057438,1990-06-01
67,555.0,555.0,702.0,718.0,1828.867152904402,2264.5,1236.0,1990-08-01
68,472.0,472.0,634.0,626.0,1470.0,1965.1239954075777,998.0,1990-09-01
69,391.5,391.5,535.288070492544,537.5,1396.5,1963.9999999999998,892.0,1990-10-01
74,493.99999999999994,493.99999999999994,735.0,697.0,1690.0,2638.0,981.0,1991-03-01
75,682.0,682.0,1064.343870967742,1170.6756097560976,2458.25,2499.0,1739.5,1991-04-01
76,894.8367768595041,894.8367768595041,1189.0694925937598,1321.6666666666667,2548.904255319149,2240.5,1945.0054274084123,1991-05-01
77,602.5,602.5,859.1825340014318,945.2559863169898,2082.857502799552,2074.7744739249774,1563.4281164695178,1991-06-01
78,583.0,583.0,805.0,872.0,2090.0,2593.20686695279,1389.0,1991-07-01
79,593.3285137861466,593.3285137861466,803.4188422247446,857.0,1830.7575757575758,2467.5,1229.5,1991-08-01
80,476.0,476.0,695.0,677.0,1572.9999999999998,2061.0,1023.0,1991-09-01
81,528.746015936255,528.746015936255,699.0,715.0,1560.0,1965.9999999999998,959.0,1991-10-01
82,539.0,539.0,700.0,709.0,1480.0,1911.0,933.0,1991-11-01
84,1067.0,1067.0,1132.0,1142.0,1813.0,2036.0,1110.0,1992-01-01
87,644.4166666666666,644.4166666666666,984.0,918.5,2124.8,3498.0,1177.2739948119324,1992-04-01
88,799.0039999999999,799.0039999999999,1176.956796116505,1289.4874100719426,2547.4999999999995,2972.6182572614107,1588.0535230352302,1992-05-01
89,737.1371007371007,737.1371007371007,1065.2872785188133,1220.447026022305,2398.5,2663.5,1628.4999999999998,1992-06-01
90,575.0019646365422,575.0019646365422,868.5,962.8961240310077,2047.2498773908778,2241.857410881801,1428.7082947173308,1992-07-01
91,512.3978159126365,512.3978159126365,795.0,894.5,1881.2142857142858,2081.0,1364.9999999999998,1992-08-01
92,504.5,504.5,724.7861139369277,820.5,1699.5,1872.7335164835165,1222.0094905094902,1992-09-01
93,374.20416333066447,374.20416333066447,569.0,601.2832759989415,1383.0,1620.5,874.5,1992-10-01
94,534.2322404371586,534.2322404371586,710.5,681.5,1498.8432883750804,2122.9920338983047,778.5,1992-11-01
95,591.0,591.0,772.0,658.0,1343.0,2719.0,656.0,1992-12-01
96,497.5,497.5,765.5,598.0255972696245,1399.5,2903.0,651.0,1993-01-01
97,478.0,478.0,725.5,586.0,1658.3232439926062,3315.8356997971605,806.274193548387,1993-02-01
100,751.0,751.0,1058.0,1105.0,2108.0,2658.9999999999995,1403.0,1993-05-01
101,499.3333333333333,499.3333333333333,688.2682522123894,789.5000000000001,2089.5927051671733,2079.5,1560.2292332268369,1993-06-01
102,552.9155206286837,552.9155206286837,819.3159898477157,863.2495088408646,2058.0457650273224,2293.8512396694214,1471.0,1993-07-01
103,587.0032067094228,587.0032067094228,838.4603199498118,901.0006527415144,1921.7111966824643,2337.0,1348.8366141732283,1993-08-01
104,462.4910179640719,462.4910179640719,676.0,743.9999999999999,1659.0,2005.0,1114.0,1993-09-01
105,404.0,404.0,543.0,541.0,1435.0,1783.0,867.9999999999999,1993-10-01
106,492.0,492.0,660.0,773.0,1774.9999999999998,1981.0000000000005,1100.0,1993-11-01
107,521.0,521.0,703.0,800.0,1769.0,2005.0000000000005,1050.0,1993-12-01
108,410.0,410.0,599.0,522.0,1452.0,2042.0,809.0,1994-01-01
109,394.0,394.0,690.0,507.0,1527.0,2963.0,830.0,1994-02-01
110,416.0,416.0,809.0,620.0,1597.0,3258.0,810.0,1994-03-01
111,642.0,642.0,928.0,1098.0,2003.0,1962.9999999999998,1507.0,1994-04-01
112,632.0,632.0,891.5,980.5507246376811,2096.5,1749.3674080410606,1671.3984962406014,1994-05-01
113,539.5,539.5,818.5,904.0328638497654,1938.5,2060.247474747475,1502.795673076923,1994-06-01
114,610.0,610.0,911.5,1013.5,2016.5,2155.0,1533.5,1994-07-01
115,630.6176470588235,630.6176470588235,882.6326530612246,1041.7257085020242,1998.0,2029.6666666666667,1551.0,1994-08-01
116,786.0,786.0,1048.5,1231.5,2129.0,2093.3346153846155,1653.5,1994-09-01
117,541.0,541.0,672.7726396917149,769.5,1562.0,1443.5,1194.5,1994-10-01
118,422.5,422.5,582.4281759458629,636.7063711911356,1400.0,1073.5,1093.0,1994-11-01
119,764.0,764.0,897.0,901.0,1472.0,1549.0,1015.0,1994-12-01
120,435.0,435.0,770.0,527.0,1508.0,2293.0,810.0,1995-01-01
123,476.0,476.0,732.0,821.0,1963.0000000000002,2391.0,1298.0,1995-04-01
124,667.0,667.0,929.0,1030.9999999999998,2159.0000000000005,1850.0000000000005,1647.0,1995-05-01
125,772.7884834663625,772.7884834663625,1000.0,1126.5992014742014,2406.0,1944.0000000000002,1862.9999999999998,1995-06-01
126,571.0,571.0,874.0,996.0,2175.0,1616.0,1745.0,1995-07-01
127,641.0,641.0,900.6662303664922,1045.149732620321,2173.5,1694.5,1835.5,1995-08-01
128,690.2741935483871,690.2741935483871,934.0000000000001,1088.9086219602063,2058.125,1757.786802030457,1707.0,1995-09-01
129,920.3236074270558,920.3236074270558,1153.0,1266.1257731958763,1981.0,1822.0,1520.0,1995-10-01
130,657.0,657.0,784.0,852.0,1633.0,1359.0,1269.0,1995-11-01
131,334.0,334.0,486.0,508.0,1035.0,1053.0,811.0,1995-12-01
132,443.0,443.0,595.0,522.0,1116.0,1317.0,676.0,1996-01-01
134,418.0,418.0,696.0,658.0,1714.0,2437.0,1173.0,1996-03-01
135,749.0,749.0,922.0,939.0,1478.0,1683.0,1063.0,1996-04-01
136,510.0,510.0,764.0,836.0,1829.0,1432.0,1586.0,1996-05-01
137,572.0,572.0,705.5,756.0,1385.2343749999998,1212.5,1182.7,1996-06-01
138,656.0000000000001,656.0000000000001,916.0,1020.0,1942.0,1615.0,1623.0,1996-07-01
139,553.0,553.0,818.0,950.0,1890.9999999999998,1527.0,1651.0,1996-08-01
140,642.0,642.0,771.0,860.0,1681.0,1562.0,1250.0,1996-09-01
141,506.0,506.0,706.0,799.0,1714.0,1589.0,1315.0,1996-10-01
142,535.0,535.0,626.0,684.0,1437.9999999999998,1481.0,1021.0,1996-11-01
144,360.0,360.0,658.0,434.0,1412.0,2576.0,639.0,1997-01-01
145,433.0,433.0,725.0,636.0,1790.0,3223.0,962.0,1997-02-01
146,435.00000000000006,435.00000000000006,688.4640582347589,694.0059523809523,1826.5,2707.0,1168.9999999999998,1997-03-01
147,518.5000000000001,518.5000000000001,745.0,805.0,1867.0,1685.0,1449.5,1997-04-01
148,700.0,700.0,898.0,972.0,1880.764325323475,1949.0,1469.0,1997-05-01
149,528.0,528.0,679.0,835.0,1953.0,1486.0,1664.0,1997-06-01
151,506.99999999999994,506.99999999999994,724.0,890.0,1902.0,1540.0,1586.0,1997-08-01
152,406.0,406.0,578.4059432210134,640.0,1627.5,1625.2183580387684,1169.4995640802092,1997-09-01
153,439.25,439.25,562.0,590.5,1445.5,1398.9189682126107,1025.5,1997-10-01
155,410.0,410.0,692.0,729.0,1707.0,1341.0,1327.0,1997-12-01
157,424.0,424.0,624.0,652.0,1389.0,1679.0,931.0,1998-02-01
159,478.0,478.0,647.0,672.0,1389.0,1495.0,910.0,1998-04-01
161,464.0,464.0,734.0,744.0,1888.0000000000002,2160.9999999999995,1381.0,1998-06-01
162,536.0,536.0,785.0,797.0,1770.0,1933.0,1366.0,1998-07-01
163,487.0,487.0,714.0,791.9999999999999,1771.0000000000002,1817.0,1337.0,1998-08-01
164,516.0,516.0,702.4090909090909,768.4,1647.3337696335077,1882.8333333333333,1155.5,1998-09-01
165,440.5,440.5,602.5,668.0863746958638,1505.697747925721,1737.5,1006.9999999999999,1998-10-01
167,488.0,488.0,589.0,652.0,1764.0,1450.0,1301.0,1998-12-01
168,364.0,364.0,559.0,559.0,1524.0,1597.0,1024.0,1999-01-01
169,610.0,610.0,772.0,713.0,1715.0,2194.324942791762,1011.0,1999-02-01
170,630.5,630.5,851.0,782.0,1794.0,2440.5,1174.5,1999-03-01
171,483.0,483.0,738.0,722.196153846154,1793.0,2452.0,1195.9999999999998,1999-04-01
172,737.0,737.0,982.7255611875452,1072.5,2026.5,1941.0,1554.5,1999-05-01
173,733.0,733.0,1054.0,1120.0,2272.0,2238.0,1737.0,1999-06-01
174,658.0,658.0,894.0,1074.0,2117.0,2343.0,1524.0,1999-07-01
175,572.2988958990536,572.2988958990536,780.9507955215086,891.093646713184,1876.1666666666665,1996.9929577464793,1373.2005494505495,1999-08-01
176,528.0,528.0,721.0458015267176,823.5,1676.8333333333333,1861.125,1199.1653543307086,1999-09-01
177,725.4999999999999,725.4999999999999,810.8534836065573,842.5,1488.7125850340137,1873.7161234991422,957.5,1999-10-01
178,396.1910634856449,396.1910634856449,537.3366654092795,504.7516033547114,1268.642857142857,2001.601030110935,688.5,1999-11-01
179,433.0,433.0,646.0,531.0,1751.0,2822.0,959.0,1999-12-01
182,495.33465608465605,495.33465608465605,737.5000000000001,782.5566163410301,1811.9999999999998,2360.0,1179.9999999999998,2000-03-01
183,688.2126829268293,688.2126829268293,968.3958218801539,1116.9999999999998,2237.0,1865.8338607594937,1762.5,2000-04-01
184,482.07142857142856,482.07142857142856,698.1458333333334,723.0,1896.4576612903224,2053.5,1400.417485265226,2000-05-01
185,519.0,519.0,740.625,782.0,1951.5,2148.3364116094986,1422.298947368421,2000-06-01
186,578.0,578.0,798.2142857142857,888.2857142857143,2113.0,2421.6227106227107,1516.658151260504,2000-07-01
187,539.25,539.25,733.1068734283318,854.1866764275255,1888.25,2101.678841309824,1326.9616336633662,2000-08-01
188,491.125,491.125,666.0,781.0,1822.5,2117.8743394010567,1225.5760869565217,2000-09-01
189,451.0,451.0,572.0,653.0,1530.0,1652.0,1017.0,2000-10-01
190,402.0,402.0,515.0,581.0,1461.0,1361.0,851.0,2000-11-01
191,477.99999999999994,477.99999999999994,656.0,592.0,1687.0,2317.868343195266,987.0,2000-12-01
192,488.4308628318584,488.4308628318584,681.0,651.2514792899409,1840.387537993921,2160.671822461332,1210.9222054380664,2001-01-01
193,681.5,681.5,924.0,865.5,1792.4813084112147,2484.0,1106.5,2001-02-01
194,545.5,545.5,781.4594594594596,739.0,1918.2179775280897,2752.711701526286,1333.2486788021138,2001-03-01
195,806.2357512953369,806.2357512953369,1129.0,1330.0,2412.5000000000005,2101.8333333333335,1881.5949166004766,2001-04-01
196,563.0,563.0,802.0,895.0,1942.0,2036.0,1547.9999999999998,2001-05-01
197,600.9052183173588,600.9052183173588,865.0,949.3228260869565,2240.0,2504.132425742574,1672.0,2001-06-01
198,506.8904382470119,506.8904382470119,704.8756313131314,780.0000000000001,1794.049757281553,2025.6370967741934,1322.498031496063,2001-07-01
199,541.2,541.2,706.8805970149253,780.9285714285714,1772.0833333333333,2052.0,1274.734950859951,2001-08-01
200,528.2234881682734,528.2234881682734,708.0000000000001,802.0,1657.0,1966.0,1186.0,2001-09-01
201,444.96983914209113,444.96983914209113,610.7858189276296,673.2907549234135,1609.778653295129,1828.9159525379036,1006.0,2001-10-01
202,407.0,407.0,527.0,557.0,1305.3333333333333,1597.0812807881775,780.3268596555515,2001-11-01
203,695.0,695.0,909.0,827.0,2110.0,2309.0,1371.0,2001-12-01
204,382.5,382.5,659.2844559585493,532.0,1416.5,2397.0,787.1609042553191,2002-01-01
205,475.0,475.0,734.0,785.0,1841.0,2038.0,1269.0,2002-02-01
206,795.1824973319103,795.1824973319103,981.2863903394256,957.5,1773.0622871736664,2590.5,1205.4999999999998,2002-03-01
207,559.5,559.5,734.0,840.2507374631268,1917.9999999999998,1766.4,1423.5,2002-04-01
208,596.5,596.5,787.5,884.8748159057436,1925.8702290076335,1709.4,1552.401968826907,2002-05-01
209,556.3625,556.3625,807.199780461032,849.8127413127414,2042.8,2141.743150684931,1537.5,2002-06-01
210,508.0,508.0,726.0,847.0,1925.0,2239.9999999999995,1429.0,2002-07-01
211,657.0,657.0,818.8871279474295,910.8252427184466,1945.6259204712812,2349.471632955106,1358.3945047489824,2002-08-01
212,528.8569023569024,528.8569023569024,707.9999999999999,824.0000000000001,1793.0,2146.0,1249.0,2002-09-01
213,462.35848172446106,462.35848172446106,590.0,670.0,1569.9999999999998,1792.0000000000002,1050.0,2002-10-01
214,403.0,403.0,555.0,632.5,1608.6554338668916,1600.0,1030.1474067333938,2002-11-01
215,400.0,400.0,578.0,492.0,1357.0,2167.0,756.0,2002-12-01
216,400.0,400.0,573.0,442.0,1349.0,2524.0,706.0,2003-01-01
217,498.07892998679,498.07892998679,743.5,688.2439585730725,1734.5654296875002,2517.0,1047.0,2003-02-01
218,481.0,481.0,700.0,659.0,1662.8741362290227,2324.65538253216,1062.0,2003-03-01
219,888.5876395204631,888.5876395204631,1172.8757367387034,1198.875,2093.125,2778.1084953940635,1416.5,2003-04-01
220,714.0,714.0,1069.0,1230.9999999999998,2560.0,2608.0000000000005,1765.0000000000002,2003-05-01
221,680.5,680.5,1026.5,1139.0420792079208,2329.891844744876,2731.1910569105685,1638.611111111111,2003-06-01
222,636.3,636.3,938.25,1076.0,2151.0,2608.6666666666665,1513.0,2003-07-01
223,668.0,668.0,923.9999999999999,1045.0,2086.0,2571.0,1383.0,2003-08-01
224,541.0,541.0,761.0,866.0,1835.0000000000002,2326.0,1180.0,2003-09-01
225,525.0,525.0,735.0,879.0,1780.0,2257.0000000000005,1078.0,2003-10-01
226,290.99999999999994,290.99999999999994,415.0,497.0,1455.0,1141.0,885.0,2003-11-01
227,361.0,361.0,472.0,556.0,1711.0,1000.0,1189.0,2003-12-01
228,3442.3698979591836,3442.3698979591836,3542.623905429072,3518.5,3500.0,3831.0,2505.5,2004-01-01
229,457.0,457.0,660.0,682.0,2078.412037037037,1362.0,1565.0,2004-02-01
230,670.5,670.5,905.3117478510028,986.4370229007633,2210.6384228187917,1933.0928308823527,1725.2142857142856,2004-03-01
231,911.0,911.0,1202.5,1255.0,2641.75,2705.5,1965.0,2004-04-01
232,763.0,763.0,985.0,1035.0,1850.0,2405.0,1241.0,2004-05-01
233,741.0,741.0,1081.0,1170.0258980785297,2514.022988505747,2736.73075704783,1778.1584205518554,2004-06-01
234,691.5,691.5,1007.3263123784835,1155.5,2308.7470930232557,2593.5,1615.4253075571175,2004-07-01
235,587.0,587.0,893.5,1027.5,1979.063356164384,2258.5,1362.3778713629404,2004-08-01
236,645.0,645.0,920.0,1107.0,1992.9999999999998,2486.579536370903,1353.9999999999998,2004-09-01
237,422.0,422.0,647.0,733.0,1670.0,1937.0,1074.0,2004-10-01
238,378.0,378.0,535.0,494.0,1374.0,1520.0,817.0,2004-11-01
239,425.36595866819744,425.36595866819744,582.0,570.5,1812.0000000000002,2118.0593220338983,1054.5,2004-12-01
240,1797.0,1797.0,1972.2209705372618,1996.0,2792.0,3307.5,2243.247813411079,2005-01-01
241,516.0,516.0,724.5,659.0,1908.1635883905012,2815.3375000000005,1138.1410521955263,2005-02-01
242,414.7421254047689,414.7421254047689,606.0,477.0,1755.0,3492.0,927.0,2005-03-01
243,671.0,671.0,959.0,880.5,2006.5,3549.1555269922883,1128.5,2005-04-01
244,800.0,800.0,1107.0,1140.0,2613.3240469208213,2768.8581043185645,1701.0,2005-05-01
245,496.0,496.0,790.0,844.0,2287.0,2515.0,1438.0000000000002,2005-06-01
246,504.0,504.0,846.0,925.0,2281.0,2863.0,1375.0,2005-07-01
247,575.0,575.0,882.0,1015.0,2301.9999999999995,2702.0,1422.0,2005-08-01
248,557.0,557.0,802.0,947.0,2185.8279055870935,2773.242603550296,1273.6508791832105,2005-09-01
249,453.5,453.5,664.1494845360825,810.6503729878289,1991.4999999999998,2564.649082568808,1114.09202195019,2005-10-01
250,484.26984126984127,484.26984126984127,636.4162647115569,632.9381197208961,1485.4993240198287,2253.0,751.0215827338128,2005-11-01
252,388.0,388.0,659.0,541.0,2068.0,3203.732029117379,1032.9112388250321,2006-02-01
254,394.0,394.0,678.0,583.0,1780.0,3204.0,880.0,2006-04-01
255,689.0,689.0,1009.1365096359743,1097.3662977508031,2430.251797526603,2692.5,1635.9999999999998,2006-05-01
256,777.3207867897038,777.3207867897038,1018.0,1279.3194029850745,2959.0,1899.0,2319.0379746835442,2006-06-01
257,752.0926923076922,752.0926923076922,1000.0000000000001,1211.5,2399.0,1628.7142857142858,2151.0,2006-07-01
258,734.25,734.25,932.8262942779293,1103.3417132216014,2189.714902807775,1497.5,1953.7179269328801,2006-08-01
259,673.2025416997617,673.2025416997617,898.0,1022.621834687052,1934.8333333333333,1430.2,1703.339547270306,2006-09-01
260,737.0,737.0,772.0,814.75,1573.6096938775509,1234.0,1301.0,2006-10-01
261,378.0,378.0,405.0,436.0,974.0,936.0,689.0,2006-11-01
263,351.18125,351.18125,646.0,509.0,1471.0,2244.1990291262136,793.3648954211418,2007-01-01
264,397.0,397.0,685.0,647.0,1765.0,2411.0,1106.0,2007-02-01
265,496.5,496.5,779.0,688.1258637709773,1863.2537313432836,2958.5,1143.0,2007-03-01
266,513.5,513.5,773.1556517775753,846.3316831683169,1977.0823902218199,2223.5,1344.0,2007-04-01
267,688.0,688.0,959.0,1120.3525179856115,2246.0,1761.9999999999998,1861.0,2007-05-01
268,818.9689831173929,818.9689831173929,1053.0,1253.133192945512,2449.2292917166865,1904.3793198783524,1972.0,2007-06-01
269,700.0,700.0,961.0,1103.0,2218.0,1802.0000000000002,1803.0,2007-07-01
270,622.2230971128608,622.2230971128608,918.5395393474088,1064.5,2162.5555555555557,1908.3333333333333,1734.245183175034,2007-08-01
271,572.3479381443299,572.3479381443299,802.0,876.1521261728888,1801.3690851735014,1952.0,1274.0,2007-09-01
274,398.40338164251204,398.40338164251204,596.0,500.5,1613.3689557090613,3122.3571428571427,801.4539767649686,2008-02-01
275,456.0,456.0,758.0,676.0,1672.3310828356273,3634.3333333333335,886.0,2008-03-01
276,721.2,721.2,997.0,1219.1978672985783,2490.5915492957747,1946.9107266435988,1822.73008190618,2008-04-01
277,771.0000000000001,771.0000000000001,1054.0,1229.0,2522.0,2028.0,1830.2213294375456,2008-05-01
278,728.4763779527559,728.4763779527559,1021.5,1216.8402679830747,2581.410628019323,2396.0,1825.0,2008-06-01
279,714.0,714.0,904.9012775842044,1030.0,2220.230456394035,2501.0000000000005,1536.6153846153845,2008-07-01
280,564.25,564.25,801.0,881.2883409945675,1889.0,2404.0,1208.4392224409448,2008-08-01
281,504.0,504.0,645.0,746.0,1709.0,2393.0,1045.0,2008-09-01
282,547.0,547.0,713.1,736.0000000000001,1500.0,2215.0,961.7465753424658,2008-10-01
285,521.0,521.0,740.0,651.0,1797.0,2290.0,1155.0,2009-01-01
286,366.0,366.0,545.0,562.0,1533.0,1724.0,979.0,2009-02-01
287,476.0,476.0,697.0,788.0,2057.0,1885.43769470405,1480.3714001986095,2009-03-01
288,482.0,482.0,628.2164685908319,733.0867850098618,1632.0,1294.4999999999998,1244.0555797733218,2009-04-01
289,556.0,556.0,773.2991398534565,833.0000000000001,1850.7175767918088,1621.9395604395604,1448.6216475095787,2009-05-01
290,527.5,527.5,731.1646167362179,754.9050833995234,1920.087044534413,2226.500654450262,1364.3104707792206,2009-06-01
291,454.0,454.0,644.2287234042553,665.7490157480315,1682.053079619429,2175.0,1137.0714285714287,2009-07-01
292,434.0,434.0,598.2179454499108,594.68125,1427.6570275722931,2026.75,929.0,2009-08-01
293,291.0,291.0,388.40550154138015,429.1555510370069,1216.888888888889,1742.756628787879,781.3809760956175,2009-09-01
294,351.5,351.5,437.21130261849515,433.5,1218.2495088408646,1828.9960681520313,711.1591760299626,2009-10-01
295,280.59870466321246,280.59870466321246,358.0,326.0,1144.0,1955.0157494904574,610.0,2009-11-01
296,494.0,494.0,538.3872519542995,632.0,1528.0,1908.618081715445,803.0,2009-12-01
299,444.0,444.0,703.0,604.0,1757.0,2977.4320895522383,940.0,2010-03-01
300,398.1540803897686,398.1540803897686,626.482058226134,469.0,1766.1473136915076,4149.6,863.0,2010-04-01
301,302.0,302.0,570.0,443.0,1570.0,4444.0,756.0,2010-05-01
302,604.4,604.4,923.9999999999999,1092.0,2704.0,2959.499999999999,1671.3333333333333,2010-06-01
303,467.0,467.0,764.9999999999999,897.5,2169.6666666666665,2687.5,1227.5,2010-07-01
304,490.99912701876906,490.99912701876906,739.5,856.6666666666666,2006.5,2848.4166666666665,1128.5,2010-08-01
305,360.3333333333333,360.3333333333333,514.3106312292359,657.0,1865.1,2482.5,988.5167095115681,2010-09-01
306,466.5754352030948,466.5754352030948,597.0,643.0,1799.0,2537.0000000000005,913.0818481848185,2010-10-01
307,232.0,232.0,333.0,454.0,1457.0,2000.0,645.0,2010-11-01
308,10208.5,10208.5,4186.173587474473,4358.0,3451.2095671981774,5072.0,2205.5,2010-12-01
309,447.3274336283186,447.3274336283186,542.0,584.5,2014.049320943531,1773.2487733071637,1191.5,2011-01-01
310,452.44522348816827,452.44522348816827,600.5,641.0,2193.160388821385,2148.0,1362.228723404255,2011-02-01
311,401.0,401.0,528.0,549.0,1719.0,2030.0000000000002,1083.0,2011-03-01
312,563.0,563.0,798.0,720.0,2069.0833333333335,3525.949848024316,1206.730303030303,2011-04-01
313,530.0,530.0,926.0,1014.6381267738882,2175.0,3887.0,1160.9999999999998,2011-05-01
314,490.2278820375334,490.2278820375334,742.9491774383077,807.0346715328467,2266.7113795295613,2516.276707530648,1376.0,2011-06-01
315,421.0,421.0,574.253702920017,638.0,1837.9999999999998,2518.4448398576515,1015.0,2011-07-01
316,350.99999999999994,350.99999999999994,496.0,575.0,1759.0,2447.9999999999995,928.0,2011-08-01
317,392.5,392.5,482.3125,540.3893129770992,1686.477993858751,2598.1548780487806,862.0,2011-09-01
318,321.0833333333333,321.0833333333333,414.5,358.70846958796596,1206.7872564507636,2795.4336917562728,499.06034482758616,2011-10-01
319,464.0,464.0,584.0,657.0,1645.0,3461.0,714.0,2011-11-01
322,344.0,432.0,710.0,669.0,2121.0,3197.516194331984,1368.3333333333333,2013-03-01
323,462.49999999999994,557.5,809.0,954.5,2666.703966005666,2268.75,1954.8333333333333,2013-04-01
324,365.0,471.0,763.0,901.25,2377.0,2683.0,1509.0,2013-05-01
325,365.5,466.0,769.0,854.5,2478.1666666666665,3177.0,1534.5,2013-06-01
326,380.0,454.0,658.3333333333334,705.0,2197.6190476190477,2755.0,1369.1666666666667,2013-07-01
327,341.2316017316017,391.3031496062992,569.6671026814912,612.5,1942.5,2501.0,1196.491017964072,2013-08-01
328,258.5,304.6666666666667,450.99999999999994,481.6666666666667,1652.75,2325.0,979.0,2013-09-01
329,299.0,384.0,614.0,705.0,1984.0,2549.0,1188.3333333333333,2013-10-01
330,369.0,464.0,720.5,1089.0,2336.416149068323,2736.0,1396.0,2013-11-01
331,420.5,500.5,661.5,935.5,2433.5,1921.0,1696.1666666666667,2013-12-01
332,412.0,491.0,659.0,920.0,2416.995327102804,1865.0,1706.0041666666668,2014-01-01
333,418.0,464.00000000000006,626.0,735.0000000000001,2244.1428571428573,1545.0,1753.0,2014-02-01
334,460.0,531.0,704.0,790.0,2358.0,1848.0,1871.0,2014-03-01
335,358.0,434.0,725.0,740.0,2057.0,2573.9289617486343,1408.3695652173913,2014-04-01
336,356.0,469.0,734.5,733.0,2166.0,2756.9142568930733,1428.673712021136,2014-05-01
337,334.0,455.0,762.5,776.3733528550512,2218.5,3121.0,1376.0,2014-06-01
338,312.4,426.9549356223176,697.5,782.0,2148.5,2943.5000000000005,1329.5,2014-07-01
339,260.9893190921228,354.5,571.3730079681275,650.0,1721.5,2421.8109710896965,1076.5856416054266,2014-08-01
340,211.0135242641209,273.0,457.1269920318725,510.0,1468.712950600801,2209.517816091954,874.9,2014-09-01
341,269.0,314.53968253968253,488.0,588.0,1753.0,2244.9999999999995,1024.3333333333333,2014-10-01
342,225.0,289.0,486.0,497.0,1515.9999999999998,1932.0,926.6666666666666,2014-11-01
343,266.99999999999994,274.0,590.0,300.0,1613.9999999999998,3114.3668122270747,807.0,2014-12-01
344,233.0,266.0,532.5,407.5,1752.1666666666667,2880.5,956.3809760956175,2015-01-01
345,287.0,314.0,539.0,443.0,1820.3413654618473,2833.0,1201.0,2015-02-01
346,514.0,600.0,764.0,912.4627949183304,2040.0,2865.132653061225,1461.0,2015-03-01
347,434.228144989339,504.0,727.2730192719486,779.2492625368732,2064.597791798107,2020.5,1558.1666666666667,2015-04-01
348,354.0,424.0,698.3307086614174,660.5,2034.5,2696.0,1292.6666666666667,2015-05-01
349,352.78061224489795,414.5,693.0,556.0,2092.4226052369904,3030.9198473282445,1165.0312771503043,2015-06-01
350,314.3673257023934,350.625,511.25,528.0,1642.3,2316.5,1049.125,2015-07-01
351,264.5712844653665,298.25,462.2,464.1666666666667,1493.25,2289.404958677686,924.75,2015-08-01
352,226.9375,240.67939609236234,376.5,369.375,1249.5,2035.1455696202531,749.8333333333334,2015-09-01
353,233.0,298.36249999999995,524.0,593.9992150706436,1645.0,2434.0,942.6494845360825,2015-10-01
354,203.0,247.0,448.0,514.0,1454.0,2166.0,817.0,2015-11-01
355,218.0,244.0,412.0,388.0,1451.0,1570.0,867.0,2015-12-01
356,205.7465208747515,256.0,516.0,408.0,1453.0,1641.0,885.0,2016-01-01
357,247.99999999999997,369.5,727.0,640.0,1604.1793797150042,2448.4970414201184,1062.4126853377265,2016-02-01
358,232.99999999999994,337.0,631.0,555.0,1489.0,2216.0,999.0,2016-03-01
359,438.5,523.25,792.0,828.1666666666666,2335.0880524861877,2265.25,1746.6563706563707,2016-04-01
360,368.1666666666667,434.375,685.1,650.4279304542905,2083.0,2867.9999999999995,1370.5,2016-05-01
361,316.2269807280514,356.0,608.6313497822931,537.5,1932.5,2935.0,1121.5,2016-06-01
362,307.0,326.0,512.0,518.5,1686.0,2586.0,1002.0,2016-07-01
363,261.5,323.5,517.75,557.0,1726.5,2699.5,1009.2549212598425,2016-08-01
364,216.2169907881269,272.78300921187304,440.0,465.99901864573104,1442.4,2280.0,835.3263433813893,2016-09-01
365,240.0,296.0,508.6266471449488,593.4,1721.5,2453.0,969.0,2016-10-01
366,198.0,229.0,403.0,358.77513227513225,1323.0,1942.5,714.0,2016-11-01
367,757.8808398950131,768.0,899.0,950.0,2024.9999999999998,2091.1106719367585,1425.0,2016-12-01
368,257.0,315.0,466.0,541.0,1662.5409540954092,1651.8405275779378,1036.0,2017-01-01
370,436.25147928994085,496.5,711.0,794.3,2221.785714285714,1949.8121118012423,1681.3346456692911,2017-03-01
371,442.0,511.0,742.0,801.0000000000001,2306.0,2073.985294117647,1754.0,2017-04-01
372,381.0,430.0,687.0,682.0920770877945,2152.6304347826085,2906.0,1429.3179551122194,2017-05-01
373,276.13295880149815,352.64948453608247,636.3625000000001,669.6,1890.395678092399,2926.0,1154.0,2017-06-01
374,257.0,290.33376963350787,475.0,508.0,1689.0,2692.0,955.8333333333334,2017-07-01
375,226.375,306.5,509.7485265225933,524.5,1611.5013089005236,2564.0,921.0,2017-08-01
376,226.73899692937565,270.0,424.5,413.0,1428.4735799207397,2274.539614561028,794.0,2017-09-01
377,248.0,344.64681440443206,596.0,618.6666666666666,1816.0,2577.0,1079.0,2017-10-01
378,279.2905263157895,375.9039222741993,602.6666666666666,818.0,1865.0,2747.6666666666665,1084.0,2017-11-01
379,359.5,396.00000000000006,494.0,630.5,2079.5,1518.3547904191616,1498.2971656333036,2017-12-01
381,408.0,452.99999999999994,587.0,584.0,2067.0,1908.6595174262734,1487.0,2018-02-01
382,379.0,379.0,508.0,512.6304347826087,1736.0,1925.0,1123.0,2018-03-01
383,456.3297730307076,534.3333333333334,753.1787974683546,892.6040372670809,2520.6666666666665,2204.1666666666665,1828.8965097402595,2018-04-01
384,367.00000000000006,428.0,668.6666666666666,715.0,2001.7971698113208,2136.6666666666665,1424.8,2018-05-01
385,327.0,383.0,636.5013106159895,606.7368603042877,1958.5,2878.5213618157545,1194.0,2018-06-01
386,295.31784386617096,360.5,596.25,658.4792780748662,2058.125,2927.0,1210.8333333333333,2018-07-01
387,269.0,370.0,600.3404539385848,653.7697095435685,1792.6649214659685,2551.0,1123.6101829753381,2018-08-01
388,208.37300796812747,294.6666666666667,481.1252455795678,525.75,1424.0,2112.75,886.0,2018-09-01
389,227.5,248.31521739130437,376.7142857142857,353.5,1308.3333333333333,2037.5483870967741,768.3324607329843,2018-10-01
390,277.0,397.5,643.0,791.5,1968.5,2194.25,1204.25,2018-11-01
391,267.0,299.10403726708074,411.0,465.3333333333333,1582.5,1450.6917910447762,1023.5000000000001,2018-12-01
392,341.49999999999994,377.00000000000006,502.5,517.5,1782.8668122270742,1597.5,1234.0000000000002,2019-01-01
393,325.0,361.0,509.0,570.0,1757.0,1558.7822085889572,1286.3307692307692,2019-02-01
394,313.0,391.0,651.9999999999999,679.0,1666.3271767810024,1794.4022082018926,1180.0,2019-03-01
395,399.5,458.32776349614403,693.125,691.125,2025.7682215743441,2340.0,1440.875,2019-04-01
396,335.0,450.5,761.0023603461841,773.5,1963.8458742275532,2458.1002994011974,1393.1906158357772,2019-05-01
397,352.03776435045313,412.25,658.5,658.5,1974.6666666666667,2741.2495088408646,1261.351134846462,2019-06-01
398,328.4269662921348,386.6666666666667,601.6209415584416,605.3673986486486,1825.539194915254,2718.0,1158.0323886639676,2019-07-01
399,240.0,294.575,486.0,486.4,1476.875,2245.0,907.0,2019-08-01
400,202.64681440443212,242.0,381.7389969293756,380.8095238095238,1227.494094488189,2072.873287671233,732.0,2019-09-01
401,202.33333333333334,248.0,414.3625,393.0,1283.798273155416,2206.3757763975154,765.0,2019-10-01
402,585.0928961748634,654.5870767104353,818.2142857142857,1122.1507936507935,2034.767732267732,2262.0,1335.5,2019-11-01
404,362.0,366.99999999999994,433.0,512.7034482758621,1614.7243172951885,1098.0,1158.3444730077122,2020-01-01
405,415.3,454.1253672869735,589.5,701.0,1908.0,1323.0417475728157,1516.202925045704,2020-02-01
406,423.0,490.0,636.0,775.0,2066.75,1606.032738095238,1614.3333333333333,2020-03-01
407,425.0,488.1666666666667,697.3333333333334,737.0,2002.9086826347307,1888.0,1528.0,2020-04-01
408,381.25049115913555,494.3967611336032,803.125,799.5,2209.6773504273506,2654.1666666666665,1521.5,2020-05-01
409,405.99999999999994,501.2413407821229,806.6666666666666,877.1987431264729,2432.0,2908.0,1577.75,2020-06-01
410,370.219387755102,488.8155650319829,770.9999999999999,900.0,2319.0,2803.1408325952166,1524.6,2020-07-01
411,322.5,462.5689149560117,745.372340425532,785.5,2043.5,2532.4,1302.5,2020-08-01
412,258.5,340.61717352415025,559.0,603.2608695652174,1628.25,2102.249263984298,1017.75,2020-09-01
